Type	Distance	ConditionalMI	TotalMI	ModelID	UnigramCE
REAL_REAL	1	0.77853715779	0.86352271152	8518544	5.53193339869
REAL_REAL	2	0.07321033083	0.86352271152	8518544	5.53193339869
REAL_REAL	3	0.00892247622	0.86352271152	8518544	5.53193339869
REAL_REAL	4	0.00255784967	0.86352271152	8518544	5.53193339869
REAL_REAL	5	0.0001922985	0.86352271152	8518544	5.53193339869
REAL_REAL	6	0.000318987869999	0.86352271152	8518544	5.53193339869
REAL_REAL	7	0	0.86352271152	8518544	5.53193339869
REAL_REAL	8	0	0.86352271152	8518544	5.53193339869
REAL_REAL	9	0	0.86352271152	8518544	5.53193339869
REAL_REAL	10	0	0.86352271152	8518544	5.53193339869
REAL_REAL	11	0	0.86352271152	8518544	5.53193339869
REAL_REAL	12	0	0.86352271152	8518544	5.53193339869
REAL_REAL	13	0	0.86352271152	8518544	5.53193339869
REAL_REAL	14	0	0.86352271152	8518544	5.53193339869
REAL_REAL	15	0	0.86352271152	8518544	5.53193339869
REAL_REAL	16	0	0.86352271152	8518544	5.53193339869
REAL_REAL	17	0	0.86352271152	8518544	5.53193339869
REAL_REAL	18	0	0.86352271152	8518544	5.53193339869
REAL_REAL	19	0	0.86352271152	8518544	5.53193339869
REAL_REAL	1	0.7793550106	0.86773096786	2656676	5.53193339869
REAL_REAL	2	0.07635465136	0.86773096786	2656676	5.53193339869
REAL_REAL	3	0.00935273621	0.86773096786	2656676	5.53193339869
REAL_REAL	4	0.00237367268	0.86773096786	2656676	5.53193339869
REAL_REAL	5	0.0001922985	0.86773096786	2656676	5.53193339869
REAL_REAL	6	0.00031898786	0.86773096786	2656676	5.53193339869
REAL_REAL	7	0	0.86773096786	2656676	5.53193339869
REAL_REAL	8	0	0.86773096786	2656676	5.53193339869
REAL_REAL	9	0	0.86773096786	2656676	5.53193339869
REAL_REAL	10	0	0.86773096786	2656676	5.53193339869
REAL_REAL	11	0	0.86773096786	2656676	5.53193339869
REAL_REAL	12	0	0.86773096786	2656676	5.53193339869
REAL_REAL	13	0	0.86773096786	2656676	5.53193339869
REAL_REAL	14	0	0.86773096786	2656676	5.53193339869
REAL_REAL	15	0	0.86773096786	2656676	5.53193339869
REAL_REAL	16	0	0.86773096786	2656676	5.53193339869
REAL_REAL	17	0	0.86773096786	2656676	5.53193339869
REAL_REAL	18	0	0.86773096786	2656676	5.53193339869
REAL_REAL	19	0	0.86773096786	2656676	5.53193339869
REAL_REAL	1	0.77995127947	0.86644679468	2996510	5.53193339869
REAL_REAL	2	0.0740685332	0.86644679468	2996510	5.53193339869
REAL_REAL	3	0.01011298486	0.86644679468	2996510	5.53193339869
REAL_REAL	4	0.00201910014	0.86644679468	2996510	5.53193339869
REAL_REAL	5	0.0001922985	0.86644679468	2996510	5.53193339869
REAL_REAL	6	0.00031898787	0.86644679468	2996510	5.53193339869
REAL_REAL	7	0	0.86644679468	2996510	5.53193339869
REAL_REAL	8	0	0.86644679468	2996510	5.53193339869
REAL_REAL	9	0	0.86644679468	2996510	5.53193339869
REAL_REAL	10	0	0.86644679468	2996510	5.53193339869
REAL_REAL	11	0	0.86644679468	2996510	5.53193339869
REAL_REAL	12	0	0.86644679468	2996510	5.53193339869
REAL_REAL	13	0	0.86644679468	2996510	5.53193339869
REAL_REAL	14	0	0.86644679468	2996510	5.53193339869
REAL_REAL	15	0	0.86644679468	2996510	5.53193339869
REAL_REAL	16	0	0.86644679468	2996510	5.53193339869
REAL_REAL	17	0	0.86644679468	2996510	5.53193339869
REAL_REAL	18	0	0.86644679468	2996510	5.53193339869
REAL_REAL	19	0	0.86644679468	2996510	5.53193339869
REAL_REAL	1	0.77840849401	0.86059807667	7457945	5.53193339869
REAL_REAL	2	0.0727067032	0.86059807667	7457945	5.53193339869
REAL_REAL	3	0.00676826553	0.86059807667	7457945	5.53193339869
REAL_REAL	4	0.00241971692	0.86059807667	7457945	5.53193339869
REAL_REAL	5	0.0001922985	0.86059807667	7457945	5.53193339869
REAL_REAL	6	0.00031898787	0.86059807667	7457945	5.53193339869
REAL_REAL	7	0	0.86059807667	7457945	5.53193339869
REAL_REAL	8	0	0.86059807667	7457945	5.53193339869
REAL_REAL	9	0	0.86059807667	7457945	5.53193339869
REAL_REAL	10	0	0.86059807667	7457945	5.53193339869
REAL_REAL	11	0	0.86059807667	7457945	5.53193339869
REAL_REAL	12	0	0.86059807667	7457945	5.53193339869
REAL_REAL	13	0	0.86059807667	7457945	5.53193339869
REAL_REAL	14	0	0.86059807667	7457945	5.53193339869
REAL_REAL	15	0	0.86059807667	7457945	5.53193339869
REAL_REAL	16	0	0.86059807667	7457945	5.53193339869
REAL_REAL	17	0	0.86059807667	7457945	5.53193339869
REAL_REAL	18	0	0.86059807667	7457945	5.53193339869
REAL_REAL	19	0	0.86059807667	7457945	5.53193339869
REAL_REAL	1	0.78001107838	0.86840801887	9181865	5.53193339869
REAL_REAL	2	0.07798765848	0.86840801887	9181865	5.53193339869
REAL_REAL	3	0.00756800103	0.86840801887	9181865	5.53193339869
REAL_REAL	4	0.00259242822	0.86840801887	9181865	5.53193339869
REAL_REAL	5	0.00014625426	0.86840801887	9181865	5.53193339869
REAL_REAL	6	0.00031898786	0.86840801887	9181865	5.53193339869
REAL_REAL	7	0	0.86840801887	9181865	5.53193339869
REAL_REAL	8	0	0.86840801887	9181865	5.53193339869
REAL_REAL	9	0	0.86840801887	9181865	5.53193339869
REAL_REAL	10	0	0.86840801887	9181865	5.53193339869
REAL_REAL	11	0	0.86840801887	9181865	5.53193339869
REAL_REAL	12	0	0.86840801887	9181865	5.53193339869
REAL_REAL	13	0	0.86840801887	9181865	5.53193339869
REAL_REAL	14	0	0.86840801887	9181865	5.53193339869
REAL_REAL	15	0	0.86840801887	9181865	5.53193339869
REAL_REAL	16	0	0.86840801887	9181865	5.53193339869
REAL_REAL	17	0	0.86840801887	9181865	5.53193339869
REAL_REAL	18	0	0.86840801887	9181865	5.53193339869
REAL_REAL	19	0	0.86840801887	9181865	5.53193339869
RANDOM_BY_TYPE	1	0.60471902467	0.6319879055	8078095	5.53193339869
RANDOM_BY_TYPE	2	0.02507295539	0.6319879055	8078095	5.53193339869
RANDOM_BY_TYPE	3	6.070377e-05	0.6319879055	8078095	5.53193339869
RANDOM_BY_TYPE	4	0.00171857556	0.6319879055	8078095	5.53193339869
RANDOM_BY_TYPE	5	0.0002413932	0.6319879055	8078095	5.53193339869
RANDOM_BY_TYPE	6	0.00015381322	0.6319879055	8078095	5.53193339869
RANDOM_BY_TYPE	7	6.74839399997e-05	0.6319879055	8078095	5.53193339869
RANDOM_BY_TYPE	8	0	0.6319879055	8078095	5.53193339869
RANDOM_BY_TYPE	9	0	0.6319879055	8078095	5.53193339869
RANDOM_BY_TYPE	10	0	0.6319879055	8078095	5.53193339869
RANDOM_BY_TYPE	11	0	0.6319879055	8078095	5.53193339869
RANDOM_BY_TYPE	12	0	0.6319879055	8078095	5.53193339869
RANDOM_BY_TYPE	13	0	0.6319879055	8078095	5.53193339869
RANDOM_BY_TYPE	14	0	0.6319879055	8078095	5.53193339869
RANDOM_BY_TYPE	15	0	0.6319879055	8078095	5.53193339869
RANDOM_BY_TYPE	16	0	0.6319879055	8078095	5.53193339869
RANDOM_BY_TYPE	17	0	0.6319879055	8078095	5.53193339869
RANDOM_BY_TYPE	18	0	0.6319879055	8078095	5.53193339869
RANDOM_BY_TYPE	19	0	0.6319879055	8078095	5.53193339869
RANDOM_BY_TYPE	1	0.60782872019	0.64760949439	4462185	5.53193339869
RANDOM_BY_TYPE	2	0.04129949974	0.64760949439	4462185	5.53193339869
RANDOM_BY_TYPE	3	0	0.64760949439	4462185	5.53193339869
RANDOM_BY_TYPE	4	0	0.64760949439	4462185	5.53193339869
RANDOM_BY_TYPE	5	0	0.64760949439	4462185	5.53193339869
RANDOM_BY_TYPE	6	0	0.64760949439	4462185	5.53193339869
RANDOM_BY_TYPE	7	0	0.64760949439	4462185	5.53193339869
RANDOM_BY_TYPE	8	0	0.64760949439	4462185	5.53193339869
RANDOM_BY_TYPE	9	0	0.64760949439	4462185	5.53193339869
RANDOM_BY_TYPE	10	0	0.64760949439	4462185	5.53193339869
RANDOM_BY_TYPE	11	0	0.64760949439	4462185	5.53193339869
RANDOM_BY_TYPE	12	0	0.64760949439	4462185	5.53193339869
RANDOM_BY_TYPE	13	0	0.64760949439	4462185	5.53193339869
RANDOM_BY_TYPE	14	0	0.64760949439	4462185	5.53193339869
RANDOM_BY_TYPE	15	0	0.64760949439	4462185	5.53193339869
RANDOM_BY_TYPE	16	0	0.64760949439	4462185	5.53193339869
RANDOM_BY_TYPE	17	0	0.64760949439	4462185	5.53193339869
RANDOM_BY_TYPE	18	0	0.64760949439	4462185	5.53193339869
RANDOM_BY_TYPE	19	0	0.64760949439	4462185	5.53193339869
RANDOM_BY_TYPE	1	0.60102957914	0.64419084598	7992880	5.53193339869
RANDOM_BY_TYPE	2	0.04739786039	0.64419084598	7992880	5.53193339869
RANDOM_BY_TYPE	3	0	0.64419084598	7992880	5.53193339869
RANDOM_BY_TYPE	4	0	0.64419084598	7992880	5.53193339869
RANDOM_BY_TYPE	5	0	0.64419084598	7992880	5.53193339869
RANDOM_BY_TYPE	6	0	0.64419084598	7992880	5.53193339869
RANDOM_BY_TYPE	7	0	0.64419084598	7992880	5.53193339869
RANDOM_BY_TYPE	8	0	0.64419084598	7992880	5.53193339869
RANDOM_BY_TYPE	9	0	0.64419084598	7992880	5.53193339869
RANDOM_BY_TYPE	10	0	0.64419084598	7992880	5.53193339869
RANDOM_BY_TYPE	11	0	0.64419084598	7992880	5.53193339869
RANDOM_BY_TYPE	12	0	0.64419084598	7992880	5.53193339869
RANDOM_BY_TYPE	13	0	0.64419084598	7992880	5.53193339869
RANDOM_BY_TYPE	14	0	0.64419084598	7992880	5.53193339869
RANDOM_BY_TYPE	15	0	0.64419084598	7992880	5.53193339869
RANDOM_BY_TYPE	16	0	0.64419084598	7992880	5.53193339869
RANDOM_BY_TYPE	17	0	0.64419084598	7992880	5.53193339869
RANDOM_BY_TYPE	18	0	0.64419084598	7992880	5.53193339869
RANDOM_BY_TYPE	19	0	0.64419084598	7992880	5.53193339869
RANDOM_BY_TYPE	1	0.65154406583	0.66786829649	5159863	5.53193339869
RANDOM_BY_TYPE	2	0.02016562766	0.66786829649	5159863	5.53193339869
RANDOM_BY_TYPE	3	0	0.66786829649	5159863	5.53193339869
RANDOM_BY_TYPE	4	0	0.66786829649	5159863	5.53193339869
RANDOM_BY_TYPE	5	0	0.66786829649	5159863	5.53193339869
RANDOM_BY_TYPE	6	0	0.66786829649	5159863	5.53193339869
RANDOM_BY_TYPE	7	0	0.66786829649	5159863	5.53193339869
RANDOM_BY_TYPE	8	0	0.66786829649	5159863	5.53193339869
RANDOM_BY_TYPE	9	0	0.66786829649	5159863	5.53193339869
RANDOM_BY_TYPE	10	0	0.66786829649	5159863	5.53193339869
RANDOM_BY_TYPE	11	0	0.66786829649	5159863	5.53193339869
RANDOM_BY_TYPE	12	0	0.66786829649	5159863	5.53193339869
RANDOM_BY_TYPE	13	0	0.66786829649	5159863	5.53193339869
RANDOM_BY_TYPE	14	0	0.66786829649	5159863	5.53193339869
RANDOM_BY_TYPE	15	0	0.66786829649	5159863	5.53193339869
RANDOM_BY_TYPE	16	0	0.66786829649	5159863	5.53193339869
RANDOM_BY_TYPE	17	0	0.66786829649	5159863	5.53193339869
RANDOM_BY_TYPE	18	0	0.66786829649	5159863	5.53193339869
RANDOM_BY_TYPE	19	0	0.66786829649	5159863	5.53193339869
RANDOM_BY_TYPE	1	0.63532552946	0.67989281943	2840298	5.53193339869
RANDOM_BY_TYPE	2	0.0440639148	0.67989281943	2840298	5.53193339869
RANDOM_BY_TYPE	3	0.00037284779	0.67989281943	2840298	5.53193339869
RANDOM_BY_TYPE	4	0.00052468572	0.67989281943	2840298	5.53193339869
RANDOM_BY_TYPE	5	0	0.67989281943	2840298	5.53193339869
RANDOM_BY_TYPE	6	0.00012819228	0.67989281943	2840298	5.53193339869
RANDOM_BY_TYPE	7	0	0.67989281943	2840298	5.53193339869
RANDOM_BY_TYPE	8	0	0.67989281943	2840298	5.53193339869
RANDOM_BY_TYPE	9	0	0.67989281943	2840298	5.53193339869
RANDOM_BY_TYPE	10	0	0.67989281943	2840298	5.53193339869
RANDOM_BY_TYPE	11	0	0.67989281943	2840298	5.53193339869
RANDOM_BY_TYPE	12	0	0.67989281943	2840298	5.53193339869
RANDOM_BY_TYPE	13	0	0.67989281943	2840298	5.53193339869
RANDOM_BY_TYPE	14	0	0.67989281943	2840298	5.53193339869
RANDOM_BY_TYPE	15	0	0.67989281943	2840298	5.53193339869
RANDOM_BY_TYPE	16	0	0.67989281943	2840298	5.53193339869
RANDOM_BY_TYPE	17	0	0.67989281943	2840298	5.53193339869
RANDOM_BY_TYPE	18	0	0.67989281943	2840298	5.53193339869
RANDOM_BY_TYPE	19	0	0.67989281943	2840298	5.53193339869
RANDOM_BY_TYPE	1	0.57361893611	0.59875119763	9001098	5.53193339869
RANDOM_BY_TYPE	2	0.02731299931	0.59875119763	9001098	5.53193339869
RANDOM_BY_TYPE	3	0	0.59875119763	9001098	5.53193339869
RANDOM_BY_TYPE	4	0	0.59875119763	9001098	5.53193339869
RANDOM_BY_TYPE	5	0	0.59875119763	9001098	5.53193339869
RANDOM_BY_TYPE	6	0	0.59875119763	9001098	5.53193339869
RANDOM_BY_TYPE	7	0	0.59875119763	9001098	5.53193339869
RANDOM_BY_TYPE	8	0	0.59875119763	9001098	5.53193339869
RANDOM_BY_TYPE	9	0	0.59875119763	9001098	5.53193339869
RANDOM_BY_TYPE	10	0	0.59875119763	9001098	5.53193339869
RANDOM_BY_TYPE	11	0	0.59875119763	9001098	5.53193339869
RANDOM_BY_TYPE	12	0	0.59875119763	9001098	5.53193339869
RANDOM_BY_TYPE	13	0	0.59875119763	9001098	5.53193339869
RANDOM_BY_TYPE	14	0	0.59875119763	9001098	5.53193339869
RANDOM_BY_TYPE	15	0	0.59875119763	9001098	5.53193339869
RANDOM_BY_TYPE	16	0	0.59875119763	9001098	5.53193339869
RANDOM_BY_TYPE	17	0	0.59875119763	9001098	5.53193339869
RANDOM_BY_TYPE	18	0	0.59875119763	9001098	5.53193339869
RANDOM_BY_TYPE	19	0	0.59875119763	9001098	5.53193339869
RANDOM_BY_TYPE	1	0.61056461196	0.65205264805	5217642	5.53193339869
RANDOM_BY_TYPE	2	0.03870849439	0.65205264805	5217642	5.53193339869
RANDOM_BY_TYPE	3	0.000434387039999	0.65205264805	5217642	5.53193339869
RANDOM_BY_TYPE	4	0.0019864416	0.65205264805	5217642	5.53193339869
RANDOM_BY_TYPE	5	0.00016281705	0.65205264805	5217642	5.53193339869
RANDOM_BY_TYPE	6	0.00019907966	0.65205264805	5217642	5.53193339869
RANDOM_BY_TYPE	7	4.28606000007e-05	0.65205264805	5217642	5.53193339869
RANDOM_BY_TYPE	8	0	0.65205264805	5217642	5.53193339869
RANDOM_BY_TYPE	9	0	0.65205264805	5217642	5.53193339869
RANDOM_BY_TYPE	10	0	0.65205264805	5217642	5.53193339869
RANDOM_BY_TYPE	11	0	0.65205264805	5217642	5.53193339869
RANDOM_BY_TYPE	12	0	0.65205264805	5217642	5.53193339869
RANDOM_BY_TYPE	13	0	0.65205264805	5217642	5.53193339869
RANDOM_BY_TYPE	14	0	0.65205264805	5217642	5.53193339869
RANDOM_BY_TYPE	15	0	0.65205264805	5217642	5.53193339869
RANDOM_BY_TYPE	16	0	0.65205264805	5217642	5.53193339869
RANDOM_BY_TYPE	17	0	0.65205264805	5217642	5.53193339869
RANDOM_BY_TYPE	18	0	0.65205264805	5217642	5.53193339869
RANDOM_BY_TYPE	19	0	0.65205264805	5217642	5.53193339869
RANDOM_BY_TYPE	1	0.5750687177	0.61416712842	3258321	5.53193339869
RANDOM_BY_TYPE	2	0.03524672899	0.61416712842	3258321	5.53193339869
RANDOM_BY_TYPE	3	0.00292025723	0.61416712842	3258321	5.53193339869
RANDOM_BY_TYPE	4	0.00044638319	0.61416712842	3258321	5.53193339869
RANDOM_BY_TYPE	5	0.000623174059999	0.61416712842	3258321	5.53193339869
RANDOM_BY_TYPE	6	0	0.61416712842	3258321	5.53193339869
RANDOM_BY_TYPE	7	0	0.61416712842	3258321	5.53193339869
RANDOM_BY_TYPE	8	0	0.61416712842	3258321	5.53193339869
RANDOM_BY_TYPE	9	0	0.61416712842	3258321	5.53193339869
RANDOM_BY_TYPE	10	0	0.61416712842	3258321	5.53193339869
RANDOM_BY_TYPE	11	0	0.61416712842	3258321	5.53193339869
RANDOM_BY_TYPE	12	0	0.61416712842	3258321	5.53193339869
RANDOM_BY_TYPE	13	0	0.61416712842	3258321	5.53193339869
RANDOM_BY_TYPE	14	0	0.61416712842	3258321	5.53193339869
RANDOM_BY_TYPE	15	0	0.61416712842	3258321	5.53193339869
RANDOM_BY_TYPE	16	0	0.61416712842	3258321	5.53193339869
RANDOM_BY_TYPE	17	0	0.61416712842	3258321	5.53193339869
RANDOM_BY_TYPE	18	0	0.61416712842	3258321	5.53193339869
RANDOM_BY_TYPE	19	0	0.61416712842	3258321	5.53193339869
RANDOM_BY_TYPE	1	0.56902446113	0.60995985748	7264325	5.53193339869
RANDOM_BY_TYPE	2	0.02811213984	0.60995985748	7264325	5.53193339869
RANDOM_BY_TYPE	3	0.00958999248	0.60995985748	7264325	5.53193339869
RANDOM_BY_TYPE	4	0.00174749398	0.60995985748	7264325	5.53193339869
RANDOM_BY_TYPE	5	0.00103468621	0.60995985748	7264325	5.53193339869
RANDOM_BY_TYPE	6	0.00041589847	0.60995985748	7264325	5.53193339869
RANDOM_BY_TYPE	7	0.00012727387	0.60995985748	7264325	5.53193339869
RANDOM_BY_TYPE	8	0	0.60995985748	7264325	5.53193339869
RANDOM_BY_TYPE	9	0	0.60995985748	7264325	5.53193339869
RANDOM_BY_TYPE	10	0	0.60995985748	7264325	5.53193339869
RANDOM_BY_TYPE	11	0	0.60995985748	7264325	5.53193339869
RANDOM_BY_TYPE	12	0	0.60995985748	7264325	5.53193339869
RANDOM_BY_TYPE	13	0	0.60995985748	7264325	5.53193339869
RANDOM_BY_TYPE	14	0	0.60995985748	7264325	5.53193339869
RANDOM_BY_TYPE	15	0	0.60995985748	7264325	5.53193339869
RANDOM_BY_TYPE	16	0	0.60995985748	7264325	5.53193339869
RANDOM_BY_TYPE	17	0	0.60995985748	7264325	5.53193339869
RANDOM_BY_TYPE	18	0	0.60995985748	7264325	5.53193339869
RANDOM_BY_TYPE	19	0	0.60995985748	7264325	5.53193339869
RANDOM_BY_TYPE	1	0.70772733432	0.76027797717	2117781	5.53193339869
RANDOM_BY_TYPE	2	0.04556718104	0.76027797717	2117781	5.53193339869
RANDOM_BY_TYPE	3	0.00672548944	0.76027797717	2117781	5.53193339869
RANDOM_BY_TYPE	4	0.00079639537	0.76027797717	2117781	5.53193339869
RANDOM_BY_TYPE	5	0	0.76027797717	2117781	5.53193339869
RANDOM_BY_TYPE	6	0	0.76027797717	2117781	5.53193339869
RANDOM_BY_TYPE	7	0	0.76027797717	2117781	5.53193339869
RANDOM_BY_TYPE	8	0	0.76027797717	2117781	5.53193339869
RANDOM_BY_TYPE	9	0	0.76027797717	2117781	5.53193339869
RANDOM_BY_TYPE	10	0	0.76027797717	2117781	5.53193339869
RANDOM_BY_TYPE	11	0	0.76027797717	2117781	5.53193339869
RANDOM_BY_TYPE	12	0	0.76027797717	2117781	5.53193339869
RANDOM_BY_TYPE	13	0	0.76027797717	2117781	5.53193339869
RANDOM_BY_TYPE	14	0	0.76027797717	2117781	5.53193339869
RANDOM_BY_TYPE	15	0	0.76027797717	2117781	5.53193339869
RANDOM_BY_TYPE	16	0	0.76027797717	2117781	5.53193339869
RANDOM_BY_TYPE	17	0	0.76027797717	2117781	5.53193339869
RANDOM_BY_TYPE	18	0	0.76027797717	2117781	5.53193339869
RANDOM_BY_TYPE	19	0	0.76027797717	2117781	5.53193339869
RANDOM_BY_TYPE	1	0.58734701076	0.65318154203	1506206	5.53193339869
RANDOM_BY_TYPE	2	0.04971594585	0.65318154203	1506206	5.53193339869
RANDOM_BY_TYPE	3	0.01469482722	0.65318154203	1506206	5.53193339869
RANDOM_BY_TYPE	4	0.00100018139	0.65318154203	1506206	5.53193339869
RANDOM_BY_TYPE	5	0.000126997640001	0.65318154203	1506206	5.53193339869
RANDOM_BY_TYPE	6	0.00019647441	0.65318154203	1506206	5.53193339869
RANDOM_BY_TYPE	7	0.00014614901	0.65318154203	1506206	5.53193339869
RANDOM_BY_TYPE	8	0	0.65318154203	1506206	5.53193339869
RANDOM_BY_TYPE	9	0	0.65318154203	1506206	5.53193339869
RANDOM_BY_TYPE	10	0	0.65318154203	1506206	5.53193339869
RANDOM_BY_TYPE	11	0	0.65318154203	1506206	5.53193339869
RANDOM_BY_TYPE	12	0	0.65318154203	1506206	5.53193339869
RANDOM_BY_TYPE	13	0	0.65318154203	1506206	5.53193339869
RANDOM_BY_TYPE	14	0	0.65318154203	1506206	5.53193339869
RANDOM_BY_TYPE	15	0	0.65318154203	1506206	5.53193339869
RANDOM_BY_TYPE	16	0	0.65318154203	1506206	5.53193339869
RANDOM_BY_TYPE	17	0	0.65318154203	1506206	5.53193339869
RANDOM_BY_TYPE	18	0	0.65318154203	1506206	5.53193339869
RANDOM_BY_TYPE	19	0	0.65318154203	1506206	5.53193339869
RANDOM_BY_TYPE	1	0.65854770272	0.67254045122	4061874	5.53193339869
RANDOM_BY_TYPE	2	0.02187368648	0.67254045122	4061874	5.53193339869
RANDOM_BY_TYPE	3	0	0.67254045122	4061874	5.53193339869
RANDOM_BY_TYPE	4	0	0.67254045122	4061874	5.53193339869
RANDOM_BY_TYPE	5	0	0.67254045122	4061874	5.53193339869
RANDOM_BY_TYPE	6	0	0.67254045122	4061874	5.53193339869
RANDOM_BY_TYPE	7	0	0.67254045122	4061874	5.53193339869
RANDOM_BY_TYPE	8	0	0.67254045122	4061874	5.53193339869
RANDOM_BY_TYPE	9	0	0.67254045122	4061874	5.53193339869
RANDOM_BY_TYPE	10	0	0.67254045122	4061874	5.53193339869
RANDOM_BY_TYPE	11	0	0.67254045122	4061874	5.53193339869
RANDOM_BY_TYPE	12	0	0.67254045122	4061874	5.53193339869
RANDOM_BY_TYPE	13	0	0.67254045122	4061874	5.53193339869
RANDOM_BY_TYPE	14	0	0.67254045122	4061874	5.53193339869
RANDOM_BY_TYPE	15	0	0.67254045122	4061874	5.53193339869
RANDOM_BY_TYPE	16	0	0.67254045122	4061874	5.53193339869
RANDOM_BY_TYPE	17	0	0.67254045122	4061874	5.53193339869
RANDOM_BY_TYPE	18	0	0.67254045122	4061874	5.53193339869
RANDOM_BY_TYPE	19	0	0.67254045122	4061874	5.53193339869
RANDOM_BY_TYPE	1	0.62890059202	0.66056337091	7497698	5.53193339869
RANDOM_BY_TYPE	2	0.03309905971	0.66056337091	7497698	5.53193339869
RANDOM_BY_TYPE	3	0	0.66056337091	7497698	5.53193339869
RANDOM_BY_TYPE	4	0	0.66056337091	7497698	5.53193339869
RANDOM_BY_TYPE	5	8.34247700006e-05	0.66056337091	7497698	5.53193339869
RANDOM_BY_TYPE	6	0	0.66056337091	7497698	5.53193339869
RANDOM_BY_TYPE	7	0	0.66056337091	7497698	5.53193339869
RANDOM_BY_TYPE	8	0	0.66056337091	7497698	5.53193339869
RANDOM_BY_TYPE	9	0	0.66056337091	7497698	5.53193339869
RANDOM_BY_TYPE	10	0	0.66056337091	7497698	5.53193339869
RANDOM_BY_TYPE	11	0	0.66056337091	7497698	5.53193339869
RANDOM_BY_TYPE	12	0	0.66056337091	7497698	5.53193339869
RANDOM_BY_TYPE	13	0	0.66056337091	7497698	5.53193339869
RANDOM_BY_TYPE	14	0	0.66056337091	7497698	5.53193339869
RANDOM_BY_TYPE	15	0	0.66056337091	7497698	5.53193339869
RANDOM_BY_TYPE	16	0	0.66056337091	7497698	5.53193339869
RANDOM_BY_TYPE	17	0	0.66056337091	7497698	5.53193339869
RANDOM_BY_TYPE	18	0	0.66056337091	7497698	5.53193339869
RANDOM_BY_TYPE	19	0	0.66056337091	7497698	5.53193339869
RANDOM_BY_TYPE	1	0.63469922598	0.67254747769	4839714	5.53193339869
RANDOM_BY_TYPE	2	0.0380534622	0.67254747769	4839714	5.53193339869
RANDOM_BY_TYPE	3	0.00093983634	0.67254747769	4839714	5.53193339869
RANDOM_BY_TYPE	4	0	0.67254747769	4839714	5.53193339869
RANDOM_BY_TYPE	5	0	0.67254747769	4839714	5.53193339869
RANDOM_BY_TYPE	6	0	0.67254747769	4839714	5.53193339869
RANDOM_BY_TYPE	7	0	0.67254747769	4839714	5.53193339869
RANDOM_BY_TYPE	8	0	0.67254747769	4839714	5.53193339869
RANDOM_BY_TYPE	9	0	0.67254747769	4839714	5.53193339869
RANDOM_BY_TYPE	10	0	0.67254747769	4839714	5.53193339869
RANDOM_BY_TYPE	11	0	0.67254747769	4839714	5.53193339869
RANDOM_BY_TYPE	12	0	0.67254747769	4839714	5.53193339869
RANDOM_BY_TYPE	13	0	0.67254747769	4839714	5.53193339869
RANDOM_BY_TYPE	14	0	0.67254747769	4839714	5.53193339869
RANDOM_BY_TYPE	15	0	0.67254747769	4839714	5.53193339869
RANDOM_BY_TYPE	16	0	0.67254747769	4839714	5.53193339869
RANDOM_BY_TYPE	17	0	0.67254747769	4839714	5.53193339869
RANDOM_BY_TYPE	18	0	0.67254747769	4839714	5.53193339869
RANDOM_BY_TYPE	19	0	0.67254747769	4839714	5.53193339869
RANDOM_BY_TYPE	1	0.53768070079	0.59035509727	5684382	5.53193339869
RANDOM_BY_TYPE	2	0.0500102011	0.59035509727	5684382	5.53193339869
RANDOM_BY_TYPE	3	0.00203706775	0.59035509727	5684382	5.53193339869
RANDOM_BY_TYPE	4	0.00094943738	0.59035509727	5684382	5.53193339869
RANDOM_BY_TYPE	5	0	0.59035509727	5684382	5.53193339869
RANDOM_BY_TYPE	6	0	0.59035509727	5684382	5.53193339869
RANDOM_BY_TYPE	7	0	0.59035509727	5684382	5.53193339869
RANDOM_BY_TYPE	8	0	0.59035509727	5684382	5.53193339869
RANDOM_BY_TYPE	9	0	0.59035509727	5684382	5.53193339869
RANDOM_BY_TYPE	10	0	0.59035509727	5684382	5.53193339869
RANDOM_BY_TYPE	11	0	0.59035509727	5684382	5.53193339869
RANDOM_BY_TYPE	12	0	0.59035509727	5684382	5.53193339869
RANDOM_BY_TYPE	13	0	0.59035509727	5684382	5.53193339869
RANDOM_BY_TYPE	14	0	0.59035509727	5684382	5.53193339869
RANDOM_BY_TYPE	15	0	0.59035509727	5684382	5.53193339869
RANDOM_BY_TYPE	16	0	0.59035509727	5684382	5.53193339869
RANDOM_BY_TYPE	17	0	0.59035509727	5684382	5.53193339869
RANDOM_BY_TYPE	18	0	0.59035509727	5684382	5.53193339869
RANDOM_BY_TYPE	19	0	0.59035509727	5684382	5.53193339869
RANDOM_BY_TYPE	1	0.59513862823	0.60846944556	1139603	5.53193339869
RANDOM_BY_TYPE	2	0.02037380982	0.60846944556	1139603	5.53193339869
RANDOM_BY_TYPE	3	0	0.60846944556	1139603	5.53193339869
RANDOM_BY_TYPE	4	0	0.60846944556	1139603	5.53193339869
RANDOM_BY_TYPE	5	0	0.60846944556	1139603	5.53193339869
RANDOM_BY_TYPE	6	0	0.60846944556	1139603	5.53193339869
RANDOM_BY_TYPE	7	0	0.60846944556	1139603	5.53193339869
RANDOM_BY_TYPE	8	0	0.60846944556	1139603	5.53193339869
RANDOM_BY_TYPE	9	0	0.60846944556	1139603	5.53193339869
RANDOM_BY_TYPE	10	0	0.60846944556	1139603	5.53193339869
RANDOM_BY_TYPE	11	0	0.60846944556	1139603	5.53193339869
RANDOM_BY_TYPE	12	0	0.60846944556	1139603	5.53193339869
RANDOM_BY_TYPE	13	0	0.60846944556	1139603	5.53193339869
RANDOM_BY_TYPE	14	0	0.60846944556	1139603	5.53193339869
RANDOM_BY_TYPE	15	0	0.60846944556	1139603	5.53193339869
RANDOM_BY_TYPE	16	0	0.60846944556	1139603	5.53193339869
RANDOM_BY_TYPE	17	0	0.60846944556	1139603	5.53193339869
RANDOM_BY_TYPE	18	0	0.60846944556	1139603	5.53193339869
RANDOM_BY_TYPE	19	0	0.60846944556	1139603	5.53193339869
RANDOM_BY_TYPE	1	0.5492214368	0.56107975677	2763007	5.53193339869
RANDOM_BY_TYPE	2	0.01444394606	0.56107975677	2763007	5.53193339869
RANDOM_BY_TYPE	3	0	0.56107975677	2763007	5.53193339869
RANDOM_BY_TYPE	4	0.00087700424	0.56107975677	2763007	5.53193339869
RANDOM_BY_TYPE	5	0	0.56107975677	2763007	5.53193339869
RANDOM_BY_TYPE	6	0	0.56107975677	2763007	5.53193339869
RANDOM_BY_TYPE	7	0	0.56107975677	2763007	5.53193339869
RANDOM_BY_TYPE	8	0	0.56107975677	2763007	5.53193339869
RANDOM_BY_TYPE	9	0	0.56107975677	2763007	5.53193339869
RANDOM_BY_TYPE	10	0	0.56107975677	2763007	5.53193339869
RANDOM_BY_TYPE	11	0	0.56107975677	2763007	5.53193339869
RANDOM_BY_TYPE	12	0	0.56107975677	2763007	5.53193339869
RANDOM_BY_TYPE	13	0	0.56107975677	2763007	5.53193339869
RANDOM_BY_TYPE	14	0	0.56107975677	2763007	5.53193339869
RANDOM_BY_TYPE	15	0	0.56107975677	2763007	5.53193339869
RANDOM_BY_TYPE	16	0	0.56107975677	2763007	5.53193339869
RANDOM_BY_TYPE	17	0	0.56107975677	2763007	5.53193339869
RANDOM_BY_TYPE	18	0	0.56107975677	2763007	5.53193339869
RANDOM_BY_TYPE	19	0	0.56107975677	2763007	5.53193339869
RANDOM_BY_TYPE	1	0.55552698666	0.58355899898	2272679	5.53193339869
RANDOM_BY_TYPE	2	0.02950622894	0.58355899898	2272679	5.53193339869
RANDOM_BY_TYPE	3	0	0.58355899898	2272679	5.53193339869
RANDOM_BY_TYPE	4	0	0.58355899898	2272679	5.53193339869
RANDOM_BY_TYPE	5	0	0.58355899898	2272679	5.53193339869
RANDOM_BY_TYPE	6	0	0.58355899898	2272679	5.53193339869
RANDOM_BY_TYPE	7	0	0.58355899898	2272679	5.53193339869
RANDOM_BY_TYPE	8	0	0.58355899898	2272679	5.53193339869
RANDOM_BY_TYPE	9	0	0.58355899898	2272679	5.53193339869
RANDOM_BY_TYPE	10	0	0.58355899898	2272679	5.53193339869
RANDOM_BY_TYPE	11	0	0.58355899898	2272679	5.53193339869
RANDOM_BY_TYPE	12	0	0.58355899898	2272679	5.53193339869
RANDOM_BY_TYPE	13	0	0.58355899898	2272679	5.53193339869
RANDOM_BY_TYPE	14	0	0.58355899898	2272679	5.53193339869
RANDOM_BY_TYPE	15	0	0.58355899898	2272679	5.53193339869
RANDOM_BY_TYPE	16	0	0.58355899898	2272679	5.53193339869
RANDOM_BY_TYPE	17	0	0.58355899898	2272679	5.53193339869
RANDOM_BY_TYPE	18	0	0.58355899898	2272679	5.53193339869
RANDOM_BY_TYPE	19	0	0.58355899898	2272679	5.53193339869
RANDOM_BY_TYPE	1	0.59352462201	0.62929226443	2167101	5.53193339869
RANDOM_BY_TYPE	2	0.03927697699	0.62929226443	2167101	5.53193339869
RANDOM_BY_TYPE	3	0	0.62929226443	2167101	5.53193339869
RANDOM_BY_TYPE	4	0	0.62929226443	2167101	5.53193339869
RANDOM_BY_TYPE	5	0	0.62929226443	2167101	5.53193339869
RANDOM_BY_TYPE	6	0	0.62929226443	2167101	5.53193339869
RANDOM_BY_TYPE	7	0	0.62929226443	2167101	5.53193339869
RANDOM_BY_TYPE	8	0	0.62929226443	2167101	5.53193339869
RANDOM_BY_TYPE	9	0	0.62929226443	2167101	5.53193339869
RANDOM_BY_TYPE	10	0	0.62929226443	2167101	5.53193339869
RANDOM_BY_TYPE	11	0	0.62929226443	2167101	5.53193339869
RANDOM_BY_TYPE	12	0	0.62929226443	2167101	5.53193339869
RANDOM_BY_TYPE	13	0	0.62929226443	2167101	5.53193339869
RANDOM_BY_TYPE	14	0	0.62929226443	2167101	5.53193339869
RANDOM_BY_TYPE	15	0	0.62929226443	2167101	5.53193339869
RANDOM_BY_TYPE	16	0	0.62929226443	2167101	5.53193339869
RANDOM_BY_TYPE	17	0	0.62929226443	2167101	5.53193339869
RANDOM_BY_TYPE	18	0	0.62929226443	2167101	5.53193339869
RANDOM_BY_TYPE	19	0	0.62929226443	2167101	5.53193339869
RANDOM_BY_TYPE	1	0.56782841257	0.62135611799	1313912	5.53193339869
RANDOM_BY_TYPE	2	0.05183986589	0.62135611799	1313912	5.53193339869
RANDOM_BY_TYPE	3	0.00088312083	0.62135611799	1313912	5.53193339869
RANDOM_BY_TYPE	4	0.00135726273	0.62135611799	1313912	5.53193339869
RANDOM_BY_TYPE	5	0	0.62135611799	1313912	5.53193339869
RANDOM_BY_TYPE	6	0	0.62135611799	1313912	5.53193339869
RANDOM_BY_TYPE	7	0	0.62135611799	1313912	5.53193339869
RANDOM_BY_TYPE	8	0	0.62135611799	1313912	5.53193339869
RANDOM_BY_TYPE	9	0	0.62135611799	1313912	5.53193339869
RANDOM_BY_TYPE	10	0	0.62135611799	1313912	5.53193339869
RANDOM_BY_TYPE	11	0	0.62135611799	1313912	5.53193339869
RANDOM_BY_TYPE	12	0	0.62135611799	1313912	5.53193339869
RANDOM_BY_TYPE	13	0	0.62135611799	1313912	5.53193339869
RANDOM_BY_TYPE	14	0	0.62135611799	1313912	5.53193339869
RANDOM_BY_TYPE	15	0	0.62135611799	1313912	5.53193339869
RANDOM_BY_TYPE	16	0	0.62135611799	1313912	5.53193339869
RANDOM_BY_TYPE	17	0	0.62135611799	1313912	5.53193339869
RANDOM_BY_TYPE	18	0	0.62135611799	1313912	5.53193339869
RANDOM_BY_TYPE	19	0	0.62135611799	1313912	5.53193339869
